"subject_nr","Baseline","Task"
1101,6.15082891920659,6.14853156838869
